iteration,dptime,iteration_time,gmrl_test_time
0,9061.406102180481,23965.06,14763.3
1,7000.0,21000.0,13789.65
2,7004.739759922028,21253.91,13729.36
3,7048.2734932899475,21205.73,13642.74
4,7037.785723924637,21392.97,13477.32
5,7124.329056978226,21214.24,13457.27
6,6927.909177303314,21373.98,13338.92
7,6998.300646305084,21833.71,13937.16
8,6943.586882591248,22556.54,14276.7
9,7142.981238603592,21670.78,13722.04
